bibendum@outlook.couk,1,password123
eleifend@google.org,2,password123
adipiscing.ligula@protonmail.ca,3,password123
non.bibendum.sed@yahoo.org,4,password123
curabitur.egestas@yahoo.couk,5,password123
metus.sit.amet@icloud.couk,6,password123
mauris.erat.eget@hotmail.ca,7,password123
nisl.nulla.eu@aol.org,8,password123
ipsum.porta@google.org,9,password123
aliquam.erat.volutpat@outlook.net,10,password123
sem.eget@hotmail.net,11,password123
magnis.dis@outlook.com,12,password123
fusce.aliquam.enim@outlook.edu,13,password123
blandit.mattis.cras@aol.couk,14,password123
ac.facilisis@icloud.couk,15,password123
congue.turpis.in@yahoo.edu,16,password123
sit.amet.nulla@yahoo.net,17,password123
a@hotmail.edu,18,password123
diam.luctus.lobortis@aol.net,19,password123
dictum.eleifend.nunc@outlook.couk,20,password123
commodo@yahoo.net,21,password123
natoque@google.couk,22,password123
egestas.hendrerit.neque@hotmail.org,23,password123
lacinia@yahoo.ca,24,password123
augue.porttitor@outlook.edu,25,password123
sollicitudin.commodo@protonmail.edu,26,password123
tristique.senectus.et@icloud.org,27,password123
cras@yahoo.couk,28,password123
nunc.in@hotmail.couk,29,password123
aliquet.lobortis@protonmail.ca,30,password123
nascetur.ridiculus.mus@protonmail.net,31,password123